pdb	Hchain	Lchain	model	antigen_chain	antigen_type	antigen_het_name	antigen_name	short_header	date	compound	organism	heavy_species	light_species	antigen_species	authors	resolution	method	r_free	r_factor	scfv	engineered	heavy_subclass	light_subclass	light_ctype	affinity	delta_g	affinity_method	temperature	pmid
4b50	A	NA	0	NA	NA	NA	NA	IMMUNE SYSTEM	03/27/13	Crystal structure of the HIV-1 gp41 MPER-specific llama VHH 2H10	LAMA GLAMA	lama glama			Lutje Hulsik, D., Sabin, C., Macheboeuf, P., Weissenhorn, W.	1.3	X-RAY DIFFRACTION	0.17963	0.14502	False	True	IGHV1	NA	NA	None	None	None	None	None
7aqz	C	NA	0	B	protein	NA	variant surface glycoprotein mitat 1.2	MEMBRANE PROTEIN	11/03/21	Co-Crystal Structure of Variant Surface Glycoprotein VSG2 in complex with Nanobody VSG2(NB14)	LAMA GLAMA; TRYPANOSOMA BRUCEI BRUCEI	lama glama		trypanosoma brucei brucei	Stebbins, C.E., Hempelmann, A., VanStraaten, M.	1.3	X-RAY DIFFRACTION	0.172	0.151	False	True	IGHV1	NA	NA	None	None	None	None	None
7aqz	D	NA	0	A	protein	NA	variant surface glycoprotein mitat 1.2	MEMBRANE PROTEIN	11/03/21	Co-Crystal Structure of Variant Surface Glycoprotein VSG2 in complex with Nanobody VSG2(NB14)	LAMA GLAMA; TRYPANOSOMA BRUCEI BRUCEI	lama glama		trypanosoma brucei brucei	Stebbins, C.E., Hempelmann, A., VanStraaten, M.	1.3	X-RAY DIFFRACTION	0.172	0.151	False	True	IGHV1	NA	NA	None	None	None	None	None
6u14	A	NA	0	NA	NA	NA	NA	IMMUNE SYSTEM	08/15/19	VHH R303 C33A/C102A in complex withthe LRR domain of InlB	CAMELUS DROMEDARIUS	camelus dromedarius			Mendoza, M.N., Jian, M., Toride King, M., Brooks, C.L.	1.3	X-RAY DIFFRACTION	0.179	0.159	False	True	IGHV1	NA	NA	None	None	None	None	None
6u14	B	NA	0	NA	NA	NA	NA	IMMUNE SYSTEM	08/15/19	VHH R303 C33A/C102A in complex withthe LRR domain of InlB	CAMELUS DROMEDARIUS	camelus dromedarius			Mendoza, M.N., Jian, M., Toride King, M., Brooks, C.L.	1.3	X-RAY DIFFRACTION	0.179	0.159	False	True	IGHV1	NA	NA	None	None	None	None	None
5ud9	H	L	0	NA	NA	NA	NA	IMMUNE SYSTEM	12/23/16	Crystal structure of 354BG18 Fab	HOMO SAPIENS	homo sapiens	homo sapiens		Scharf, L., Bjorkman, P.J.	1.3	X-RAY DIFFRACTION	0.188	0.180	False	True	unknown	IGLV3	Lambda	None	None	None	None	None
1ncw	H	L	0	NA	NA	NA	NA	IMMUNE SYSTEM	12/05/02	Cationic Cyclization Antibody 4C6 in Complex with Benzoic Acid	MUS MUSCULUS	mus musculus	mus musculus		Zhu, X., Wilson, I.A.	1.3	X-RAY DIFFRACTION	unknown	unknown	False	False	IGHV3	IGKV1	Kappa	None	None	None	None	None
6apo	A	NA	0	NA	NA	NA	NA	IMMUNE SYSTEM	08/17/17	Anti-Marburgvirus Nucleoprotein Single Domain Antibody A	LAMA GLAMA	lama glama			Taylor, A.B., Garza, J.A.	1.168	X-RAY DIFFRACTION	0.173	0.148	False	True	unknown	unknown	unknown	None	None	None	None	None
5nlu	A	NA	0	NA	NA	NA	NA	IMMUNE SYSTEM	04/05/17	Structure of Nb36 crystal form 1	LAMA GLAMA	lama glama			Hansen, S.B., Andersen, K.R., Laursen, N.S., Andersen, G.R.	1.193	X-RAY DIFFRACTION	0.198	0.175	False	True	IGHV1	NA	NA	None	None	None	None	None
6ucf	H	L	0	A	peptide	NA	hiv fusion peptide	IMMUNE SYSTEM/VIRAL PROTEIN	09/16/19	N123-VRC34_pI4 HIV neutralizing antibody in complex with HIV fusion peptide residue 512-519	HOMO SAPIENS; SYNTHETIC CONSTRUCT	homo sapiens	homo sapiens	human immunodeficiency virus 1	Xu, K., Kwong, P.D.	1.29	X-RAY DIFFRACTION	0.182	0.167	False	True	IGHV1	IGKV1	Kappa	None	None	None	None	None
6cwk	A	NA	0	NA	NA	NA	NA	IMMUNE SYSTEM	03/30/18	Anti-RTA VHH antibody	VICUGNA PACOS	vicugna pacos			Rudolph, M.J., Mantis, N.	1.256	X-RAY DIFFRACTION	0.176	0.155	False	True	IGHV1	NA	NA	None	None	None	None	None
6dba	B	NA	0	NA	NA	NA	NA	IMMUNE SYSTEM	05/02/18	Crystal Structure of VHH R303	CAMELUS DROMEDARIUS	camelus dromedarius			Brooks, C.L., Toride King, M., Huh, I.	1.3	X-RAY DIFFRACTION	0.182	0.161	False	True	IGHV1	NA	NA	None	None	None	None	None
6dba	A	NA	0	NA	NA	NA	NA	IMMUNE SYSTEM	05/02/18	Crystal Structure of VHH R303	CAMELUS DROMEDARIUS	camelus dromedarius			Brooks, C.L., Toride King, M., Huh, I.	1.3	X-RAY DIFFRACTION	0.182	0.161	False	True	IGHV1	NA	NA	None	None	None	None	None
7d9z	H	L	0	NA	NA	NA	NA	IMMUNE SYSTEM	10/20/21	Crystal structure of anti-basigin Fab fragment	ORYCTOLAGUS CUNICULUS	oryctolagus cuniculus	oryctolagus cuniculus		Sakuragi, T., Kanai, R., Narita, H., Onishi, E., Miyazaki, T., Baba, T., Nakagawa, A., Toyoshima, C., Nagata, S.	1.123	X-RAY DIFFRACTION	0.150	0.121	False	True	IGHV1	IGKV1	Kappa	None	None	None	None	None
6osh	H	L	0	K	protein	NA	tyrosine-protein kinase transmembrane receptor ror2	IMMUNE SYSTEM	04/01/20	Potent and Selective Antitumor Antibody Targeting a Membrane-Proximal Epitope of ROR2	ORYCTOLAGUS CUNICULUS; HOMO SAPIENS	oryctolagus cuniculus	oryctolagus cuniculus	homo sapiens	Park, H., Rader, C.	1.117	X-RAY DIFFRACTION	0.169	0.162	False	True	IGHV1	IGKV1	Kappa	None	None	None	None	None
7on5	A	NA	0	NA	NA	NA	NA	IMMUNE SYSTEM	08/11/21	Crystal structure of the SARS-CoV-2 neutralizing nanobody Re5D06	VICUGNA PACOS	vicugna pacos			Aksu, M., Guttler, T., Gorlich, D.	1.25	X-RAY DIFFRACTION	0.167	0.146	False	True	IGHV1	NA	NA	None	None	None	None	None
1mqk	H	L	0	NA	NA	NA	NA	IMMUNE SYSTEM	09/16/02	Crystal structure of the unliganded Fv-fragment of the anti-cytochrome C oxidase antibody 7E2	MUS MUSCULUS	mus musculus	mus musculus		Essen, L.-O., Harrenga, A., Ostermeier, C., Michel, H.	1.28	X-RAY DIFFRACTION	unknown	unknown	False	True	IGHV5	IGKV12	Kappa	None	None	None	None	None
7n3h	H	L	0	NA	NA	NA	NA	IMMUNE SYSTEM	08/04/21	Crystal structure of an anti-SARS-CoV-2 human neutralizing antibody Fab fragment C099	HOMO SAPIENS	homo sapiens	homo sapiens		Flyak, A.I., Bjorkman, P.J., Barnes, C.O.	1.26	X-RAY DIFFRACTION	0.202	0.180	False	True	IGHV3	IGKV3	Kappa	None	None	None	None	None
6ru3	C	NA	0	NA	NA	NA	NA	IMMUNE SYSTEM	05/27/19	Crystal structure of the FP specific nanobody hFPNb1	LAMA GLAMA	lama glama			Mazarakis, S.M.M., Pedersen, D.V., Laursen, N.S., Andersen, G.R.	1.26	X-RAY DIFFRACTION	0.204	0.188	False	True	IGHV1	NA	NA	None	None	None	None	None
3esu	F	F	0	NA	NA	NA	NA	IMMUNE SYSTEM	10/06/08	Crystal structure of anthrax-neutralizing single-chain antibody 14b7	MUS MUSCULUS	mus musculus			Monzingo, A.F., Maynard, J.A., Iverson, B.L., Georgiou, G., Robertus, J.D.	1.3	X-RAY DIFFRACTION	0.236	0.216	True	True	unknown	unknown	unknown	None	None	None	None	None
1mex	H	L	0	H	Hapten	RAC	4-(2-DIMETHYLCARBAMOYL-PHENYLCARBAMOYLOXYMETHYL)-BENZOIC ACID	IMMUNE SYSTEM	08/08/02	Antibody Catalysis of a Bimolecular Cycloaddition Reaction	MUS MUSCULUS	mus musculus	mus musculus	mus musculus	Heine, A., Wilson, I.A.	1.25	X-RAY DIFFRACTION	unknown	unknown	False	False	IGHV1	IGKV6	Kappa	None	None	None	None	None
4b41	B	NA	0	NA	NA	NA	NA		07/27/12	Crystal structure of an amyloid-beta binding single chain antibody G7	LAMA GLAMA	lama glama			Beringer, D.X., Dorresteijn, B., Rutten, L., Wienk, H., el Khattabi, M., Kroon-Batenburg, L.M.J., Verrips, C.T.	1.191	X-RAY DIFFRACTION	0.1619	0.1360	False	True	IGHV1	NA	NA	None	None	None
4b41	A	NA	0	NA	NA	NA	NA		07/27/12	Crystal structure of an amyloid-beta binding single chain antibody G7	LAMA GLAMA	lama glama			Beringer, D.X., Dorresteijn, B., Rutten, L., Wienk, H., el Khattabi, M., Kroon-Batenburg, L.M.J., Verrips, C.T.	1.191	X-RAY DIFFRACTION	0.1619	0.1360	False	True	IGHV1	NA	NA	None	None	None
5ivn	A	NA	0	B	peptide	NA	cadherin derived peptide	PEPTIDE BINDING PROTEIN	03/21/16	BC2 nanobody in complex with the BC2 peptide tag	VICUGNA PACOS; SYNTHETIC CONSTRUCT	vicugna pacos	NA	homo sapiens	Braun, M.B., Stehle, T.	1.0	X-RAY DIFFRACTION	0.15	0.128	False	True	IGHV1	NA	NA	1.4e-09	-12.078842495721123	Unknown	NA	TBD
2x1q	A	NA	0	NA	NA	NA	NA	CONTRACTILE PROTEIN	01/03/10	Gelsolin Nanobody	LAMA GLAMA	lama glama			VandenAbbeele, A., DeClercq, S., DeGanck, A., DeCorte, V., VanLoo, B., Srinivasan, V., Steyaert, J., Vandekerckhove, J., Gettemans, J.	1.06	X-RAY DIFFRACTION	0.229	0.213	False	True	IGHV1	NA	NA	None	None	None	None	None
2x1q	B	NA	0	NA	NA	NA	NA	CONTRACTILE PROTEIN	01/03/10	Gelsolin Nanobody	LAMA GLAMA	lama glama			VandenAbbeele, A., DeClercq, S., DeGanck, A., DeCorte, V., VanLoo, B., Srinivasan, V., Steyaert, J., Vandekerckhove, J., Gettemans, J.	1.06	X-RAY DIFFRACTION	0.229	0.213	False	True	IGHV1	NA	NA	None	None	None	None	None
2x1p	B	NA	0	NA	NA	NA	NA	CONTRACTILE PROTEIN	01/03/10	Gelsolin Nanobody	LAMA GLAMA	lama glama			VandenAbbeele, A., DeClercq, S., DeGanck, A., DeCorte, V., VanLoo, B., Srinivasan, V., Steyaert, J., Vandekerckhove, J., Gettemans, J.	1.1	X-RAY DIFFRACTION	0.220	0.203	False	True	IGHV1	NA	NA	None	None	None	None	None
2x1p	D	NA	0	NA	NA	NA	NA	CONTRACTILE PROTEIN	01/03/10	Gelsolin Nanobody	LAMA GLAMA	lama glama			VandenAbbeele, A., DeClercq, S., DeGanck, A., DeCorte, V., VanLoo, B., Srinivasan, V., Steyaert, J., Vandekerckhove, J., Gettemans, J.	1.1	X-RAY DIFFRACTION	0.220	0.203	False	True	IGHV1	NA	NA	None	None	None	None	None
2x1p	A	NA	0	NA	NA	NA	NA	CONTRACTILE PROTEIN	01/03/10	Gelsolin Nanobody	LAMA GLAMA	lama glama			VandenAbbeele, A., DeClercq, S., DeGanck, A., DeCorte, V., VanLoo, B., Srinivasan, V., Steyaert, J., Vandekerckhove, J., Gettemans, J.	1.1	X-RAY DIFFRACTION	0.220	0.203	False	True	IGHV1	NA	NA	None	None	None	None	None
2x1p	C	NA	0	NA	NA	NA	NA	CONTRACTILE PROTEIN	01/03/10	Gelsolin Nanobody	LAMA GLAMA	lama glama			VandenAbbeele, A., DeClercq, S., DeGanck, A., DeCorte, V., VanLoo, B., Srinivasan, V., Steyaert, J., Vandekerckhove, J., Gettemans, J.	1.1	X-RAY DIFFRACTION	0.220	0.203	False	True	IGHV1	NA	NA	None	None	None	None	None
5acm	NA	B	0	A	Hapten	MBT	3,7-BIS(DIMETHYLAMINO)PHENOTHIAZIN-5-IUM	IMMUNE SYSTEM	08/17/15	Mcg immunoglobulin variable domain with methylene blue	HOMO SAPIENS		homo sapiens	homo sapiens	Brumshtein, B., Esswein, S.R., Salwinski, L., Phillips, M.L., Ly, A.T., Cascio, D., Sawaya, M.R., Eisenberg, D.S.	1.05	X-RAY DIFFRACTION	0.12234	0.11033	False	True	NA	IGLV2	Lambda	None	None	None	None	None
5acm	NA	A	0	NA	NA	NA	NA	IMMUNE SYSTEM	08/17/15	Mcg immunoglobulin variable domain with methylene blue	HOMO SAPIENS		homo sapiens		Brumshtein, B., Esswein, S.R., Salwinski, L., Phillips, M.L., Ly, A.T., Cascio, D., Sawaya, M.R., Eisenberg, D.S.	1.05	X-RAY DIFFRACTION	0.12234	0.11033	False	True	NA	IGLV2	Lambda	None	None	None	None	None
2p45	B	NA	0	A	protein	NA	ribonuclease pancreatic	HYDROLASE/IMMUNE SYSTEM	03/11/07	Complex of a camelid single-domain vhh antibody fragment with RNASE A at 1.1A resolution: SE5B-ORTHO-1 crystal form with five se-met sites (L4M, M34, M51, F68M, M83) in vhh scaffold.	CAMELUS DROMEDARIUS; BOS TAURUS	camelus dromedarius	NA	bos taurus	Tereshko, V., Uysal, S., Koide, A., Margalef, K., Koide, S., Kossiakoff, A.A.	1.1	X-RAY DIFFRACTION	0.195	0.17300000000000001	False	True	IGHV1	NA	NA	1.16e-07	-9.61	Other	30	18445622
4trp	H	L	0	NA	NA	NA	NA	IMMUNE SYSTEM	06/17/14	Crystal structure of monoclonal antibody against neuroblastoma associated antigen.	MUS MUSCULUS	mus musculus	mus musculus		Horwacik, I., Golik, P., Grudnik, P., Zdzalik, M., Rokita, H., Dubin, G.	1.25	X-RAY DIFFRACTION	0.178	0.149	False	True	IGHV1	IGKV1	Kappa	None	None	None	None	None
6cnw	A	NA	0	NA	NA	NA	NA	IMMUNE SYSTEM	03/09/18	STRUCTURE OF HUMANIZED SINGLE DOMAIN ANTIBODY SD84	HYBRID	hybrid			Luo, J., Obmolova, O.	0.92	X-RAY DIFFRACTION	0.139	0.126	False	True	IGHV3	NA	NA	None	None	None	None	None
5xct	A	B	0	C	peptide	NA	c8 peptide	IMMUNE SYSTEM	03/23/17	Crystal structure of P20.1 Fv-clasp fragment with its antigen peptide	MUS MUSCULUS; HOMO SAPIENS; SYNTHETIC CONSTRUCT	mus musculus, homo sapiens	mus musculus, homo sapiens	homo sapiens	Arimori, T., Takagi, J.	1.17	X-RAY DIFFRACTION	0.185	0.152	False	True	IGHV9	IGLV1	Lambda	None	None	None	None	None
3d9a	H	L	0	C	protein	NA	lysozyme c	HYDROLASE/IMMUNE SYSTEM	05/27/08	High Resolution Crystal Structure Structure of HyHel10 Fab Complexed to Hen Egg Lysozyme	MUS MUSCULUS; GALLUS GALLUS	mus musculus	mus musculus	gallus gallus	DeSantis, M.E., Li, M., Shanmuganathan, A., Acchione, M., Walter, R., Wlodawer, A., Smith-Gill, S.	1.2	X-RAY DIFFRACTION	0.205	0.190	False	True	IGHV3	IGKV5	Kappa	None	None	None	None	None
6heq	A	NA	0	NA	NA	NA	NA	PROTEIN BINDING	08/20/18	Prion nanobody 484	CAMELUS DROMEDARIUS	camelus dromedarius			Soror, S.H., Abskharon, R.N., Wohlkonig, A.	1.23	X-RAY DIFFRACTION	0.224	0.199	False	True	IGHV3	NA	NA	None	None	None	None	None
6her	B	NA	0	A	protein	NA	major prion protein	PROTEIN BINDING	08/20/18	Mouse prion protein in complex with Nanobody 484	MUS MUSCULUS; CAMELUS DROMEDARIUS	camelus dromedarius		mus musculus	Soror, S.H., Abskharon, R., Wohlkonig, A.	1.199	X-RAY DIFFRACTION	0.195	0.169	False	True	IGHV1	NA	NA	None	None	None	None	None
4unu	NA	B	0	NA	NA	NA	NA	IMMUNE SYSTEM	05/30/14	MCG - a dimer of lambda variable domains	HOMO SAPIENS		homo sapiens		Brumshtein, B., Esswein, S.R., Landau, M., Ryan, C., Whitelegge, J., Casio, D., Sawaya, M.R., Eisenberg, D.S.	0.95	X-RAY DIFFRACTION	0.12996	0.10731	False	True	NA	IGLV2	Lambda	None	None	None	None	None
4unu	NA	A	0	NA	NA	NA	NA	IMMUNE SYSTEM	05/30/14	MCG - a dimer of lambda variable domains	HOMO SAPIENS		homo sapiens		Brumshtein, B., Esswein, S.R., Landau, M., Ryan, C., Whitelegge, J., Casio, D., Sawaya, M.R., Eisenberg, D.S.	0.95	X-RAY DIFFRACTION	0.12996	0.10731	False	True	NA	IGLV2	Lambda	None	None	None	None	None
7sak	B	NA	0	A	protein	NA	mcherry	IMMUNE SYSTEM	09/14/22	Crystal Structure of LaM4 Nanobody bound to mCherry	Discosoma sp.; Lama glama	lama glama		discosoma sp.	Cong, A.T.Q., Schellenberg, M.J.	1.15	X-RAY DIFFRACTION	0.144	0.117	False	True	IGHV1	NA	NA	None	None	None	None	None
7utg	A	NA	0	NA	NA	NA	NA	PEPTIDE BINDING PROTEIN	12/21/22	2D9 nanobody to BCL11A-exZF23 fragment	Vicugna pacos	vicugna pacos			Dassama, L.M.K., Zhai, L.	1.25	X-RAY DIFFRACTION	0.219	0.193	False	True	IGHV1	NA	NA	None	None	None	None	None
6oc7	H	L	0	NA	NA	NA	NA	IMMUNE SYSTEM	03/22/19	HMP42 Fab in complex with Protein G	HOMO SAPIENS; STREPTOCOCCUS SP. GROUP G	homo sapiens	homo sapiens		Bernard, S.M., Wilson, I.A.	1.296	X-RAY DIFFRACTION	0.184	0.168	False	True	IGHV1	IGLV3	Lambda	None	None	None	None	None
5e7b	A	NA	0	NA	NA	NA	NA	IMMUNE SYSTEM	10/12/15	Structure of a nanobody (vHH) from camel against phage Tuc2009 RBP (BppL, ORF53)	CAMELUS DROMEDARIUS	camelus dromedarius			Legrand, P., Collins, B., Blangy, S., Murphy, J., Spinelli, S., Gutierrez, C., Richet, N., Kellenberger, C., Desmyter, A., Mahony, J., van Sinderen, D., Cambillau, C.	1.1	X-RAY DIFFRACTION	0.189	0.158	False	True	IGHV1	NA	NA	None	None	None	None	None
6ddm	B	A	0	C	protein	NA	mhc class i polypeptide-related sequence a	IMMUNE SYSTEM	05/10/18	Crystal Structure Analysis of the Epitope of an Anti-MICA Antibody	MUS MUSCULUS; HOMO SAPIENS	mus musculus	mus musculus	homo sapiens	Matsumoto, M.L.	1.3	X-RAY DIFFRACTION	0.205	0.188	False	True	IGHV1	IGKV4	Kappa	4.2e-10	-12.792176733448072	ITC	NA	TBD
7t0h	H	L	0	NA	NA	NA	NA	IMMUNE SYSTEM	04/20/22	Crystal structure of S25-39 Fab Unliganded 2	MUS MUSCULUS	mus musculus	mus musculus		Legg, M.S.G., Blackler, R.J., Evans, S.V.	1.3	X-RAY DIFFRACTION	0.200	0.148	False	True	IGHV7	IGKV8	Kappa	None	None	None	None	None
3tv3	H	L	0	A	carbohydrate	MAN	ALPHA-D-MANNOSE	IMMUNE SYSTEM	10/19/11	Crystal structure of broad and potent HIV-1 neutralizing antibody PGT128 in complex with Man9	HOMO SAPIENS	homo sapiens	homo sapiens		Pejchal, R., Wilson, I.A.	1.29	X-RAY DIFFRACTION	0.184	0.159	False	True	IGHV4	IGLV2	Lambda	None	None	None	None	None
2q20	NA	A	0	NA	NA	NA	NA	PROTEIN FIBRIL	05/25/07	Structure of the germline Vk1 O18/O8 light chain variable domain homodimer	HOMO SAPIENS		homo sapiens		Thompson, J.R., Ramirez-Alvarado, M., Baden, E.M.	1.3	X-RAY DIFFRACTION	0.148	0.119	False	True	NA	IGKV1	Kappa	None	None	None	None	None
2q20	NA	B	0	NA	NA	NA	NA	PROTEIN FIBRIL	05/25/07	Structure of the germline Vk1 O18/O8 light chain variable domain homodimer	HOMO SAPIENS		homo sapiens		Thompson, J.R., Ramirez-Alvarado, M., Baden, E.M.	1.3	X-RAY DIFFRACTION	0.148	0.119	False	True	NA	IGKV1	Kappa	None	None	None	None	None
6vi2	B	A	0	NA	NA	NA	NA	IMMUNE SYSTEM	01/11/20	Structure of the unaligned Fab4	HOMO SAPIENS	homo sapiens	homo sapiens		Cingolani, G., Lokareddy, R., Ko, Y.	1.15	X-RAY DIFFRACTION	0.171	0.158	False	True	IGHV3	IGKV1	Kappa	None	None	None	None	None
6vi2	D	C	0	NA	NA	NA	NA	IMMUNE SYSTEM	01/11/20	Structure of the unaligned Fab4	HOMO SAPIENS	homo sapiens	homo sapiens		Cingolani, G., Lokareddy, R., Ko, Y.	1.15	X-RAY DIFFRACTION	0.171	0.158	False	True	IGHV3	IGKV1	Kappa	None	None	None	None	None
6wfy	H	L	0	P	peptide	NA	npna4 peptide	IMMUNE SYSTEM	04/04/20	Crystal structure of Fab224 in complex with NPNA4 peptide from circumsporozoite protein	HOMO SAPIENS; SYNTHETIC CONSTRUCT	homo sapiens	homo sapiens	plasmodium falciparum	Pholcharee, T., Oyen, D., Wilson, I.A.	1.226	X-RAY DIFFRACTION	0.183	0.169	False	True	IGHV3	IGLV1	Lambda	None	None	None	None	None
7np9	C	NA	0	NA	NA	NA	NA	IMMUNE SYSTEM	03/23/22	Structure of the human CR3 - CD11bCD18 specific nanobody hCR3Nb1	LAMA GLAMA	lama glama			Jensen, R.K., Andersen, G.R.	1.14	X-RAY DIFFRACTION	0.167	0.146	False	True	IGHV1	NA	NA	None	None	None	None	None
6jb9	A	NA	0	NA	NA	NA	NA	IMMUNE SYSTEM	01/25/19	Crystal structure of nanobody D3-L11 (unbound form)	CAMELUS DROMEDARIUS	camelus dromedarius			Caaveiro, J.M.M., Tamura, H., Akiba, H., Tsumoto, K.	1.15	X-RAY DIFFRACTION	0.129	0.102	False	True	IGHV1	NA	NA	None	None	None	None	None
4nzu	H	L	0	NA	NA	NA	NA	IMMUNE SYSTEM	12/12/13	Crystal structure of the primary monoclonal antibody 13PL Fab' from a multiple myeloma patient	HOMO SAPIENS	homo sapiens	homo sapiens		Zhu, X., Wilson, I.A.	1.2	X-RAY DIFFRACTION	0.163	0.136	False	False	IGHV3	IGKV1	Kappa	None	None	None	None	None
6xyf	A	NA	0	NA	NA	NA	NA	IMMUNE SYSTEM	02/10/21	Nanobody 22	LAMA GLAMA	lama glama			Pompidor, G., Zimmermann, S., Loew, C., Schneider, T.	1.11097	X-RAY DIFFRACTION	0.153	0.125	False	True	IGHV1	NA	NA	None	None	None	None	None
6xym	B	NA	0	NA	NA	NA	NA	IMMUNE SYSTEM	02/10/21	Nbe-LBM	LAMA GLAMA	lama glama			Pompidor, G., Zimmermann, S., Loew, C., Schneider, T.	1.2	X-RAY DIFFRACTION	0.198	0.154	False	True	IGHV1	NA	NA	None	None	None	None	None
6xym	A	NA	0	NA	NA	NA	NA	IMMUNE SYSTEM	02/10/21	Nbe-LBM	LAMA GLAMA	lama glama			Pompidor, G., Zimmermann, S., Loew, C., Schneider, T.	1.2	X-RAY DIFFRACTION	0.198	0.154	False	True	IGHV1	NA	NA	None	None	None	None	None
3tpk	A	NA	0	NA	NA	NA	NA	IMMUNE SYSTEM	09/08/11	Crystal structure of the oligomer-specific KW1 antibody fragment	CAMELIDAE	camelidae			Parthier, C., Morgado, I., Stubbs, M.T., Fandrich, M.	1.3	X-RAY DIFFRACTION	0.176	0.141	False	True	IGHV1	NA	NA	None	None	None	None	None
4buh	A	A	0	NA	NA	NA	NA		06/20/13	Human IgE against the major allergen Bet v 1 - Crystal structure of  clone M0418 scFv	HOMO SAPIENS	homo sapiens			Davies, A.M., Levin, M., Lilljekvist, M., Carlsson, F., Gould, H.J., Sutton, B.J., Ohlin, M.	1.3	X-RAY DIFFRACTION	0.1728	0.1453	True	True	unknown	unknown	unknown	None	None	None	None	None
4buh	B	B	0	NA	NA	NA	NA		06/20/13	Human IgE against the major allergen Bet v 1 - Crystal structure of  clone M0418 scFv	HOMO SAPIENS	homo sapiens			Davies, A.M., Levin, M., Lilljekvist, M., Carlsson, F., Gould, H.J., Sutton, B.J., Ohlin, M.	1.3	X-RAY DIFFRACTION	0.1728	0.1453	True	True	unknown	unknown	unknown	None	None	None	None	None
5u64	B	NA	0	NA	NA	NA	NA	IMMUNE SYSTEM	12/07/16	Camel nanobody VHH-28	CAMELUS DROMEDARIUS	camelus dromedarius			Stanfield, R.L., Wilson, I.A.	1.153	X-RAY DIFFRACTION	0.170	0.145	False	True	IGHV1	NA	NA	None	None	None	None	None
7rpu	A	B	0	P	peptide	NA	gp2 epitope peptide	ANTIVIRAL PROTEIN	07/13/22	Crystal Structure of Protective Human Antibody 3A6 Fab Against Ebola Virus with GP Stalk/MPER Epitope Peptide	Homo sapiens; SYNTHETIC CONSTRUCT	homo sapiens	homo sapiens	zaire ebolavirus (strain eckron-76)	Salie, Z.L., Saphire, E.O., Davis, C.W., Ahmed, R.	1.27	X-RAY DIFFRACTION	0.160	0.141	False	True	IGHV3	IGKV2	Kappa	None	None	None	None	None
5imk	B	NA	0	A	protein	NA	v-set and immunoglobulin domain-containing protein 4	IMMUNE SYSTEM	03/06/16	Nanobody targeting human Vsig4 in Spacegroup C2	HOMO SAPIENS; CAMELIDAE	camelidae	NA	homo sapiens	Wen, Y.	1.227	X-RAY DIFFRACTION	0.185	0.172	False	True	IGHV1	NA	NA	8.5e-07	-8.281754349880028	ITC	NA	TBD
5imm	B	NA	0	A	protein	NA	protein vsig4	IMMUNE SYSTEM	03/06/16	Nanobody targeting mouse Vsig4 in Spacegroup P212121	MUS MUSCULUS; CAMELIDAE	camelidae	NA	mus musculus	Wen, Y., Zheng, F.	1.2	X-RAY DIFFRACTION	0.17600000000000002	0.156	False	True	IGHV1	NA	NA	3.5000000000000003e-09	-11.535955190950428	ITC	NA	TBD
1mju	H	L	0	NA	NA	NA	NA	IMMUNE SYSTEM	08/28/02	1.22 ANGSTROM RESOLUTION CRYSTAL STRUCTURE OF THE FAB FRAGMENT OF ESTEROLYTIC ANTIBODY MS6-12	MUS MUSCULUS	mus musculus	mus musculus		Ruzheinikov, S.N., Muranova, T.A., Sedelnikova, S.E., Partridge, L.J., Blackburn, G.M., Murray, I.A., Kakinuma, H., Takashi, N., Shimazaki, K., Sun, J., Nishi, Y., Rice, D.W.	1.22	X-RAY DIFFRACTION	0.154	0.123	False	True	IGHV1	IGKV2	Kappa	None	None	None	None	None
4qyo	A	B	0	Q	peptide	NA	merozoite surface antigen 2	IMMUNE SYSTEM	07/24/14	Crystal Structure of anti-MSP2 Fv fragment (mAb6D8)in complex with MSP2 14-22	MUS MUSCULUS; SYNTHETIC CONSTRUCT	mus musculus	mus musculus	plasmodium falciparum k1	Morales, R.A.V., MacRaild, C.A., Seow, J., Bankala, K., Drinkwater, N., McGowan, S., Rouet, R., Christ, D., Anders, R.F., Norton, R.S.	1.208	X-RAY DIFFRACTION	0.17	0.151	False	True	IGHV14	IGKV3	Kappa	6.000000000000001e-09	-11.216608560689204	Unknown	NA	TBD
